text,label,notes
"Is Hu Tao worth using without Staff of Homa? Everyone says she's amazing, but mine feels weak.",analysis,Borderline analysis vs. hot take; labeled analysis because primary intent is requesting advice
"Hi guys this might be a stupid question but I’m genuinely curious about if there’s a way to increase my luck when wishing. I truly never win 50/50s, maybe once, and I’m always 70+ pity when getting a five star with the exception of like 50 pity twice and getting diluc both times. I’m a FTP and this game is exhausting to keep up with as I’m also a returning player and none of my characters do enough damage to help me progress. I just feel stuck",analysis,
"I’ve been out of Genshin since around the start of Fontaine, and coming back now the power creep feels kinda crazy 😭 Can anyone help me put together two decent teams that I can use for now while I catch up and work on getting/building better characters?",analysis,
"Every time you get a 5 star artifact these are the possible values each sub stat will have and that they can obtain at every 4 levels. When upgrading artifacts there's RNG choosing which of the 4 sub stats to upgrade, and then another RNG to pick which of those 4 possible values will be added to that sub stat.",analysis,
"Build out full team first (different elements, at least one decent healer) so you have heavy hitter team if you ever need one, even if you vary teams regularly. If there is Furina banner, get her. She is probably easiest character to build to effectively carry the team, as she does high damage and high heals Your characters are invulnerable for short period during the ult animation. Great way to get around stagger/high damage, if you time it right. Use interactive map to mark down oculi you have gathered.",analysis,
"I’m curious to know if I can create better teams. Right now, I really only have one full proof team and that came from just stumbling upon it: Bennett, Xingqiu, Fischl, and Chongyun. I’m currently playing Tighnari, Xingqiu, Nahida, and Fischl. Other teams I have but haven’t found a groove yet: Nahida, Yelan, Fischl, Sucrose Xiao, Faruzan, Zhongli, Bennett Wanderer, Nahida, Kuki Shinobu, Yelan I really like teams with reactions but I want to take on the spiral abyss again (last time I did that it was maybe before Sumeru even released)",analysis,
"I would suggest going nation by nation. start with the archon quest and explore as you do so, atleast getting waypoints. when you’ve finished that I’d suggest doing all the other smaller quests, namely character story quests and world quests as some parts of exploration are locked behind these. finally I’d recommend you explore that nation before repeating the process for the next region. this keeps everything in chronological order and ensures you don’t just neglect a nation !! of course it’s up to you but this keeps things organized. also fyi daily server reset which I’m pretty sure is at 4AM GMT-5 time however I’m clueless except for knowing it’s 7:30PM ACDT time !! Make sure to complete these daily as they give 60 primos and 1500 adventurer exp !!",analysis,
"Hey all! I started this game a week ago and still feel a bit lost when it comes to items that I should use/save for later, what chars to level, etc. So my question; what are tips/tricks/things you wish you had known when you just started this game.",analysis,
"leveling up artifacts. i was so stingy with my resources i hold on to everything, even leveling those 2* and 3* aritfacts. it really make my time easier, especially the flower and the feather, until you get better ones. flat stats is really useful in early days",analysis,
"Do daily commissions. Use your daily resin. Only wish on characters you really like (ignore power/tier lists) I'd suggest looking through all of them in game under the character archive, seeing their animations, then watching their trailers on youtube for the characters you like best so know who you for sure want to pull for when they show up on the limited banner. Don't worry about artifacts til way later on and you start to struggle beating bosses. ...I would focus on leveling up only a few characters you like. It's better to have 1 or 2 level 90 characters with full talents leveled up than to have 10 characters all at level 40. Also never wish on the weapon banner, it's a waste. Getting Characters are way more fun than just seeing larger numbers from having """"better weapons"""". Also, pick up every sparkly thing you come across in the world, some day you'll be glad you did when a character you get needs like 100 of a certain flower.",analysis,
"Don’t worry about artifacts at the beginning, just focus on leveling the character, talents and their weapon. You can equip them for their set effects I suppose and level if you struggle, but they only really become important later on and it’s not recommended to farm for them before AR45. Also focus on one team, else it will be really hard to keep up with materials. (In my beginning I just put characters in a team I liked and got through the overworld fairly fine) I would recommend doing the Archon Quests (Main Story) you unlock some new characters from it later on and whole areas like Inazuma. Don’t feel pressured to blast through it tho! Just take things at your own pace for now and enjoy the different game elements. If you have any specific question, feel free to DM me I’d be happy to help :)",analysis,
"Early game, it's quite cheap and easy to level characters up to about level 40 or 50, so just experiment and level up every character you get. It does get more expensive to level up when you get nearer the endgame, but that's the point where you'll want to start looking to focus in on building a handful of characters for a specific team or two. You should know what you're doing a bit more by then.",analysis,
"Dehya and Aloy are fine. They feel ok to use and different parts of their kit blend decently well. It's just that their numbers are completely cooked. If Aloy's rushing ice state was easier to enter, she'd be an alright  driver.",analysis,Borderline case but evaluates kits using gameplay reasoning and mechanics rather than simply expressing a preference
"I was just wondering whether are lucky accounts, the ones which are advantaged by the system? I have seen many comments from people who claim they have got most of their characters off soft pity rather then on soft pity.",analysis,"Borderline with reaction because it stems from frustration, but primarily asks an information-seeking question about game behavior"
"Nicole is certainly easier to build than other characters because all she really cares about is atk% and ER%. With a set having 1 of 5 artifacts that can be used from another slot. Generally, you should be able to mix and match here gob, sands, circ to find an atk% on each one.",analysis,
"I've basically been farming Artifacts for Flins since he was first released. Every day I use all my Primogems to supplement resign. However, this is the best I've gotten so far. How do so many people have such incredible stats for Flins?",analysis,"Borderline case with reaction and analysis, but seeks explanation/advice"
Never use primogems on resin. It is never worth it. People get good artifacts by being lucky. Simple as.,analysis,
"With Sandrone coming soon, I’d like to get a jump on making her a team. Now I already have Cyno and Yae Miko built, but who’d work as a 4th? I only have so many characters built because it takes AGES to build them for me. I’m always running out of resources, especially weapon exp crystals. Currently working on Nicole, Durin, and Bennett, so I’d like to know ahead of time who to put on the list.",analysis,
"hi! i’m a player trying to get back into building characters, however, i just don’t know what teams would be the best with my characters. does anyone have any suggestions on a good 2-4 teams with these? thank you! ❤️",analysis,
"Nod Krai main DPS (Neffer/Flins/Zibai) ideally want all 50~60% CR with the exception of Zibai IF you have C6 illuga in team. Your Flins lands at 67% CR after Night of Sky set applies, my recommendation is increasing your CR without having to sacrifice your CD/ATK, I assume you are at the same spot as OP without his Signature/CR-Weapon. Use the DPS Test Dummy in Wonderland and decrease your CD while increasing your CR to that of a CR circlet (via Stat Editor) and see how your Flins Performs. This way you can test performance without having to farm for a Artefact and if you like it, you can still farm for it.",analysis,
just a tip that you can use the Hoyolab app to efificiently and easily share your whole character roster with more information and details like their constellations. Go to the globe icon at lower bar menu > select Genshin Impact > select Hoyo Guides > select Battle Chronicle > select All Characters,analysis,
"focus on building one good team for 4 characters! ur not given a lot of resources so it’s important to make sure u have a solid team before trying to build a bunch of other characters. don’t use ur fragile resin, save it for when ur late game + u can use it to farm for 5 star artifacts !",analysis,
"Study the characters, have fun, don't butt in on stupid drama like I did back in the 1st Anniversary rewards incident, and most importantly play consistently if you have enough time everyday. Wish I had the time, but college is hitting me :'(",analysis,
"Anyway dendro dmg% goblet is useless. Nefer does lunar bloom damage and it isn't affected by it. You should switch to em one. If you don't have the 5* EM goblet, use the 4* EM goblet. If you have bottles it's worth using them to craft the needed artifacts as artifacts with EM have lowest drop rate so getting one with it and two right substats is really valuable.",analysis,
"Technically, 4pc Instructor on Kuki, 4pc Deepwood/SMS on Lauma/Columbina (interchangeable depending on your ER needs) might be better, I think. Although using Sucrose is even better than Kuki, she might be difficulty to use. Rotation overall seems OK, since you spend some time waiting for cooldowns to start your next rotation, instead, you can fit in Nefer’s burst. Even if its dmg is low, it’s better than nothing And of course you’d need to eventually level Nefer’s weapon and stuff, as well as Lauma talents, Columbina burst, crown talents, etc. You should be able to craft an EM goblet using the artifact transmuter, I heavily recommend it, since EM goblets are super rare.",analysis,
"The correct rotation is Mona E -> Mavuika QE -> Mona Q4NA -> Sucrose EN1 -> Mualani Edit: Also, put Mavuika on Scroll, it's a massive buff for Mualani's personal damage. Petra shouldn't be on the team because no geo characters to create crystalize",analysis,
"I cannot get Varesa to overload for the LIFE of me. I always apply electro too fast and Mavuika apples pyro after, making HER the one that overloads. Pls help 😭",analysis,
You build characters one at the time. Play for enough time and at some point you won't even know where to use resin because you don't have anything to farm anymore.,analysis,
Don't use resin to max artifacts. Now you can level characters to 90 with max skills. It is that simple.,analysis,
"You need more crit rate bu the build mores so depends on the team your use. Is you Raiden hyper carry, overload, or Shogun forbid hyperbloom.",analysis,
"If the game has already been out there for 5 years, then all recruitable players that are interested have already been recruited, and everyone else who are not interested have already seen it and passed it. For every year that passes, it's now more about retaining current playerbase and maybe recruiting the newer younger players, I'm talking about teenagers that are reaching the age of like 14-16 or something like that.",analysis,
I lost my 50/50 three times in genshin impact what happens in four time,analysis,
Is there a way of knowing if the wish RNG is truly random?,analysis,
"People have a tendency to look for patterns where none exist. Most people also completely fail to understand probability. I have seen posts on this subreddit claiming that, because they got the same featured 4 star character 3 times in a row that it was proof the rates were false.",analysis,
"I originally made these farming guides for myself, but I thought some people might find them helpful too! Let me know if there’s anything I should add.",analysis,
"Level up and upgrade a forgotten 4star character. Some of them have very fun playstyles even if their damage isn't the best for the abyss Go and try getting better substats on that one artifact. You know which one, don't lie Not using resin is also an option. You don't need to use all your resin to get daily primos, and even if you did, Genshin isn't your job, if you feel like not running the same domain 6th month in a row why not do youself a break for a week or two? It might seem like a waste, but realy, in a grand scheme of an AR60 investement a week of resin is almost nothing",analysis,
"If the Flins team is clearing and the Varessa team isn't, work on the Varessa team first. You said you want to swap pyro traveller for Mauvuika when you pull her (which is a great idea), so I would focus mainly on getting Varessa herself better artifacts, and leveling Iansan's in the meantime.",analysis,
"Ignore standard banner (just use your free blue wishes on it whenever you get them, they can only be used there). Also ignore weapon banner. Seriously, just ignore it unless your pockets are bursting with wishes and there's something there you really need.",analysis,
"You get the most primos from limited events. As long as you're high enough adventure level and have completed enough of the story just go complete the base requirements for the event quests and collect your primos. You usually get a few hundred per event, plus the daily quests, plus exploration and chests etc you'll start raking in a lot.",analysis,
"Please do not pull on the standard banner with your primogems. There are a lot of ways you can earn primogems. Current version event, chest, opening teleporters, achievements, dungeon domains, commissions, spiral abyss(floor 1 to 8 gives you a lot but just once), 5* test runs.",analysis,
"Since everyone is different and each has a route they find the ""best"" the one i go with is, teleport to brightcrown mountains- rake down the camp nearby-drop down take out the slimes-carry on and repeat with the 2 groups and end by beating the ruin guard- next, teleport to wolvendom, 2 groups and camp there, 1 small one leading to the slimes, then a jaunt to another group with rocks - drop down to the Cecilla garden, take out two groups, and that's for monstadt for Liyue teleport north of Minyun village small camp- group -4 ice slimes - jaunt south one big camp one more group, water slimes, and then teleport to Guyun domain, head up the mountain BEAT THE S**T out of the abyss mage trio, glide to the small island, swim back to shore, take out the group with the fire mage and finish with the Lingu pass triple mage + fatui agent",analysis,
"Imo artifact routes are worth it. I think it only takes 15 mins to get enough exp to +5 an artifact iirc and that’s enough to check if the 4th substat will be trash or not. It’s fun for me, I just put on music and tp away and I’ve been doing it almost since release",analysis,"Borderline as it contains opinion, but main purpose is giving advice/recommendation"
"Do all the artifact spots 5-6 times a week, since they fully refresh 24hours(some individual points are faster). I don't do 1 every day to eventually reset the time as it keeps getting later and later each day. This also gets me 10+ raw meat every day, up to 20+ if I really care, just while doing the run.",analysis,
AR 56. Log on -> commissions -> use 60 resin on whatever -> log off -> come back in 12 hours and use 120 resin on arttifacts -> teapot/spiralAbyss and/or event stuff. I don't do routes. There's no reason to imo. I haven't needed to go out of my way to farm things for at least 5 AR levels. I just always pick up everything in sight while running towards quests and hit some trees and that's enough farming for most mats.,analysis,
"nodkrai or natlan for sure, the new regions give more primos than the old ones to encourage players to explore the new ones",analysis,
So I accidentally got Lauma and I have no team to put her on so my only option would be to try and attempt to get Nefer. The problem is that I am broke and have no primogems and only have 6 days. Does anyone have any farming tips? Or just tips in general.,analysis,
Play at your own pace. Theres no finishing line.,analysis,
"Explore the world, do quests, check out the Keqingmains newbie guide, and don't stress about what teams/artifacts are optimal, experiment and discover things on your own. And don't use your precious primogems on the wanderlust invocation or the epitome invocation - you will have a higher chance of getting characters AND useful four-star weapons by pulling primarily on the limited character wishes.",analysis,
"I remember people being strongly advised to not make your bennett c6 because it ""ruins"" your account forever but nowadays people don't really care about that anymore since there are already a plethora of pyro characters that benefit from c6 benny and the newer characters that can use bennett have an elemental infusion that can't be overridden anyways",analysis,
I just started the game. Any important advice I should know?,analysis,
"Don’t use your Primogems on the Standard Banner (the one that requires the blue Fates). If you’re playing on PS and have a PS Plus subscription, claim the free materials promo pack from the game’s add-ons section.",analysis,
"If you ever come across a chest/puzzle you don't know how to solve, you can check the interactive map for some clues, as users often leave comments with guides on how to solve the puzzle.",analysis,
"Talent lvls for skills are important, more important than whatever tf they tell you about rng artifacts that you can grind forever and never get something good. Ofc you should farm artifacts but only after ar45 and after making sure you have no talent lvls worth leveling up, spoiler: you will have.",analysis,
"collect oculis with interactive map, some might say it will ruin experience but i personally enjoy it like this more.",analysis,"Borderline as it's opinion embedded, but recommending a strategy"
"I started on mobile, moved to PC, and then also linked my account to PS4/PS5. For the most part, you can play with your favorite characters (mine personally is Noelle, even after 1500+ active days), but be mindful of your finite resources. Therefore, don’t try to level up or build all of your characters.",analysis,
What life lessons or advice has Genshin taught you?,analysis,
"I just started the game yesterday, and i got Bennette, Yanfei, Rosaria, Kaeya, Lisa and Amber. I saw there was an event, whether should i use my resources to draw these characters? Which one should i get ya?",analysis,
Story will take a long time to catch up to. New region will have new characters that will benefit your account the most. But you can’t unlock their materials until you advance in the story.,analysis,
"I would avoid the Fontaine Chronicled Wish banner entirely until you understand things a little more, especially if this is your first gacha game. As for the others, you could go for the characters if you like them, be sure to try the trial for them under the events page (maybe more than the minimum time too), but it's better if you do some research to find characters you like first (bonus points if they're running on banner soon or very strong) Depends how much you care about 'meta' and being as strong as possible, or just clearing endgame content consistently (not necessarily the same thing) And DON'T spend primogems on the standard or beginner banner. Only use the blue orbs, but generally feel free to spend those whenever you get them.",analysis,
"Do not rush to make wishes on the limited / chronicled banners. Since you just started the game, you don’t know what characters you like, or elements, or weapons, or play styles. It would suck if you pulled on a current banner and wasted resources on a character you don’t enjoy playing. Play the game with the free characters you get (plus anyone you can get on the Beginners’ banner or the permanent banner with blue fates (NEVER primogems)), and choose a free standard character (assuming that’s available to you (there are a lot of posts here with advice for that selection)) and see what you like! Maybe you hate bow characters because you hate aiming, or maybe you hate claymore characters because they’re slower. You probably don’t know yet, so give it some time! In the meantime, just play the game at your own pace and save the primogems for the future, once you know what you want and how you like to play :)",analysis,
But I need a second team too for Spiral Abyss and stuff... So how do I pick a character and build his teams? What guides do y'all follow? I'd appreciate some help with a second team and maybe some advices on my current team.,analysis,
"I'm assuming you're a new player so I really think guides will help you build a foundation in understanding characters and the game's damage mechanics. And most people just use guides/ask others or use similar teams But the more you end up understanding the game, eventually you'll be able to just kinda know what various characters provide and how it influences or doesn't influence your damage and gameplay.",analysis,
"You just have to build around reactions now. Think about how each reaction works and then consider the characters and their roles in it. Like are they on or off field, how do they apply their element and how often, whether they will be the aura or the trigger. Good things to focus on are trying to get an on-field DPS of each element and then supports who can fit on reaction teams for them. Look around the wiki for more info about the mechanics I mentioned and character kit details.",analysis,
i recommend keqingmain website and then watch a lot of genshin guides for team building to get a grasp of some things. If you don't know what's smth is make sure to looking it up so you can comprehend what's being said. You're also gonna have to understand how reactions work. For now you should watch guides on the characters you wanna make teams for but make sure to read their kits so you understand how things work and so you can remember what those characters do for future teams. Overtake guides on youtube and keqingmain are you best solution,analysis,
"Build a team with a on-fielder that uses their on-field time well (yanfei, sayu, noelle, you get the gist), and 3 others that don't need a lot of field time, whether they buff/heal/shield your team or do damage from off field (xiangling, kaeya, bennett, zhongli, etc)",analysis,
"I do not have every character but I do have most of them. I want to focus my account more on weapons but I don't know how to evaluate them. The tier lists I see are most of the time about how many characters can reliably use it. I can more about the difference, in both damage, quality of life and mechanics that each weapon makes in comparison with the best 4* weapon for every character. What would be your (for example) top 10 weapons in genshin that fit that description.",analysis,
"The only must have weapons are all favonius line, mostly spears and swords. Catalysts are less important because TTDS and Widsith exist. Bows and claymores are in a sad state. If you buying BP then some 5 stars have even less value unless you obsessed with min-maxing or posting damage screenshot, instead of clearing content. BP is only way to get descent crit value weapons, except for Widsith. 5-star are good for bigger stats they give. And generaly you want sig or best stat stick for specific character you want to improve. Many older characters have worthless constellations, so 5-star weapons are much better on them vs C1-C3 ""investment"".",analysis,Borderline as it contains opinion but functions as advice
"Id say for polearms escoffiers fork is the best general one now. Homa and PJWS have like generic passives but since they are quite old the numbers on them arnt really that great anymore so the fork just on any dps wont be much worse but it has the upside of being BIS for escoffier, iansan and chevy which let's you use it even when you dont use it on a carry.",analysis,
"Id say generalist that can be used by a lot characters is your best bet: homa, aqua, mistsplitter, and mavuikas weapon. I only have homa and its versatility is insane so many characters use it.",analysis,
"New to the game and was wondering if when a weapon reaches its maximum Star Level, can I ascend it to a higher tier? For instance, if I max out the Dull Sword can it eventually be ascended to the Silver Sword or does it stay a Dull Sword forever?",analysis,
"I believe merging is 2 or 3 star or above, I’m not 100% positive as you generally don’t want to merge 1 or 2 star weapons as they either lack a passive ability or it’s very minor. generally you would want to merge 3 star or higher weapons, and only if you have a lot of copies of said weapon. You only need to go to the blacksmith if it’s a craftable weapon, since you need to craft additional copies.",analysis,
"I've posted about this before. For the full context. I've been playing Genshin since 2021 on an iPad. That iPad is gone. I had the email linked to my Genshin account on there so I didn't think to save it on my phone once I started mainly playing on it. I have an iPhone XS max that will soon no longer be supported by Apple. I've submitted countless account forms to Hoyo support. Every single one has been declined even though the information is correct. I am now no longer allowed to submit any more forms due to how many I was doing. I've stopped playing on the account recently because it dawned on me that one day, it will be the last day I log in to the account. I’ve mainly been on my alt that I started in 2023 and have not logged in until recently. I no longer have the energy to get that account up to what my main is(AR 58). My alt is at AR 28. I don't know what to do anymore. Thanks for reading this. Any advice would be deeply appreciated.",analysis,Borderline as it's a personal story but it ends with request for advice
Yeah thats Pretty Lucky Normally it takes 75-90pulls too get a 5* (Nahida) but u could Lose too a diffrent Charakter like Jean and need another 75-90 too get Nahida Also even so not that lucky u got 2 4* in one 10pull u only get 1 4* evry 10pull 100% off the time more is lucky So enjoy the game :D,analysis,
"Kazuha Kazuha is pretty overrated. idk what it is about him, but everybody praises him and wants him so badly. They completely ignore other good anemo characters like venti, sucrose & basically all other anemo characters.",hot take,
Genshin has not been as fun as of late the quests are just walk here dialogue with choices that mean nothing walk here do the same thing random small fight walk here done and then when you do get a big fight it with acts like you were struggling or you have to wait for the dialogue to end to actually continue fighting then there's the quests that force you to use other characters that suck at that specific boss not to mention the amount of mini games in levels that only show up once and never again 90%bof their new five stars are female and you rarely get male characters even as four stars and not to mention the custom character situation where you have to pay for good things with real money with no way of getting them any other way anyway that's my rant and I know either this post will be deleted because these assholes don't like my opinion or people are going to be huge cry babies in the comments either way I don't give a shit,hot take,
Has Genshin lost quality over time?,hot take,
Genshin is awful currently.,hot take,
"The state of this game is absolutely horrendous. Region specific reactions behind a five star paywall, the lack of QOL updates, Milliastra Wonderland's whole existence, and the community being the cherry on top of it. The devs are greedy and don't care for anyone's time, the characters are becoming more and more FOMO oriented, all the end game content is just shilling and shilling and shilling.",hot take,
"I don't even find the prison as quarter as bad as Deshret's pyramid cuz, ehem, back in MY days i have to traverse the underground pre-layered maps while 100% the desert",hot take,
"For me, I just can't stand the time gated stuff. I'm already a slow player, even if things weren't time gated I wouldn't be having all my characters maxed out and ready to go anyway. And among the time gates, what I really don't like is the domain cycles. Why can't it be like Sundays everyday where you can just choose the thing you want... Oh well. No way they are changing any of that so all I can do is accept.",hot take,
"I believe that Mauvika's entire design was changed last minute after the release of Wuthering Waves. That she originally wasn't going to be biker themed at all, but the devs played WuWa after release and fought the Inferno Rider boss and were inspired by the aesthetic and motorcycle combat.",hot take,
"I think Im not the only one who had this problem before. We get all these banners and they expect people to pull on them but for example now, I pulled 4 characters in 6.0 and I will pull for durin and venti and jahoda in 6.2 again. But what my problem is I dont have enough materials for these characters to build. The mora the books and the crystals, and especially the resin, are not enough for me to build all the characters I wanna build perfectly. I either have to keep them at lvl 80 or keep them on the worst possible artifacts I own. Even with BP there is not enough to build so many characters they put on banners in 1 phase. With that in mind I find it hard to pull so often for characters, if I get limited so much in putting effort in this characters and especially this game. Why limit players from playing this game? I dont understand.",hot take,
"Well, there's a saying in gacha community ""this a marathon, not a sprint"". I don't think you're supposed to perfectly build 4 characters in a patch, at least in this game. I see two ways to look at it. First, it's done so you won't burn out or straight up nolife it. Second way is: so you login every day and form a habit and won't leave until servers shut down. Which is bread and butter of retention in gacha games. Think about it, what will you do if you achieved all you wanted in a game? The answer might be that you quit. Hoyo wants to prolong your stay as much as they can. That's why we still don't have a skip button while almost every other gacha game on the market already has it. The scedule on domains exists solely for this reason too.",hot take,
"Either Skirk’s premium team (Esco, Yelan/furina, shenhe) or mav’s premium team (Citlali, Bennett, Xilo) How do you even choose a team to play though? Do you wake up and think ‘I feel like playing Keqing aggravate’?",hot take,Borderline but mostly expressing opinion/preferences rather than asking strategy
"It all started with Neuvi and Arle. Pioneer of breaking 100k dps at c0r0. Then it became the norm in natlan. Then came Mavuika, who was supposed to bring the new ceiling to around 135k. But with her insane ever evolving combo, it went past it to 170k. Hoyo didn't like it and instead of leaving Mavuika's ceiling as an exception decided to make that the new standard. Now zibai is raising the ceiling in nod krai as the new best dps to nearly 200k. Expect 200k dps to be the norm for snezhnayan dps and the best dps to be around 230k-250k.",hot take,
You know genshin powercreep have gone bad when xingqiu got out of the the meta,hot take,
"I want nightsoul transmission to be a thing outside of natlan, I don’t need the the phlogiston bar, combat use, or extra phlogiston on the switch I just want the smoother feel for switching on to another movement",hot take,
"I think there needs to be a distinction between traversal and exploration. I found Mavuika great for traversal, that is moving around quickly, but absolutely god awful for actual exploration due to how clunky and clumsy her movement is in the actual overworld, especially in tighter spaces. Seriously, in the few days she's been out, I already lost count on the number of times I've gotten stuck in random corners and walls.",hot take,
How are people so calm about powercreep?,hot take,
Powercreep in Genshin is unreal 🫢,hot take,
"I've been playing Genshin from the start -since day 2 of Mondstat- and for the most part I love this game, however Natlan, power creep, and lack of representation are killing this game. To start, I’ve never been one to 36 star the abyss every time, however in the more recent abyss I can barely even clear it let alone achieve 36 stars. I’ve poured over $1,000 into Genshin in order to play with my favorite characters, and despite lvl 90 characters, good relics, and 5 star weapons I am still unable to clear. And this would be ok if the other parts of the game were not falling apart. Natlan was such a disappointment, and especially because we just came from Fontaine which was hard to live up too. This is evident by a lack in creativity in character kit designs and the night soul mechanic. More and more I’m seeing people drop the game and it worried me, but this patch finally made me understand. The cast of Natlan was for the most part boring, and despite Natlan being based of Latin, indigenous, and African cultures, Hoyoverse absolutely failed to have any brown characters other than iansan. I’m completely white and I was even disappointed, Natlan’s culture felt like a culture project written by a 5th grader the night before it was due. This is even more apparent when you look at inazuma and how Japanese culture was depicted, Natlan felt like a joke. Additionally the only character that I liked to the extent of wanting to pull for them was Citlali, and Hoyo also decided it was a good idea to put 2 new limited 5 stars on the same banner.-this is beyond money hungry, it’s predatory, it makes me sad to see how far this game that I love has fallen, and at this point the only reason I’m playing is because of the main storyline and I have to see how it ends. So in the end Ive realized that I’m actually only playing because of the suspense, storyline, and world building of the past version. I feel like All of the things that made Genshin great are just gone. finally, I’m not sure if I’m going crazy or if anyone else feels like the compounding issues of the game have left a husk. So if you have any thoughts, or disagree with me please let me know since I want to know if this is just a me thing or not.",hot take,
"Is it only me, or has Genshin been falling off recently? Not the quality of the game itself but its presence in media....",hot take,
Heyy lately I've been seeing alot of hate train towards genshin and other HoYoverse games that directly or indirectly coming from other Fandom so I wanted to talk about it as I ranted in a tik tok video and some other Fandom guy responded saying genshin is Hella greedy which is completely wrong,hot take,
"Hydro Traveler is probably the worst. Their kit is pretty much just DPS, no support, but the damage is terrible. There is no way to save it.",hot take,
"As much as I adore him, it's probably Kaveh. His whole deal is bloom teams but if you pair him with Nahida he can't claim blooms for himself and without her the team's damage takes a massive hit. He can drive burgeon or hyperbloom but at that point you might as well put anyone in that slot. His situation is probably better now with lunar bloom given it takes into account the whole team so Kaveh's buff to bloom damage actually works. Haven't tested it myself because I skipped Lauma for Flins, though I'll probably pick her up on her rerun. Her and Columbina might actually fix the problem.",hot take,
which genshin character has the worst mischaracterisation?,hot take,
Furina. Next to no one I've seen who's obsessed with her has any clue about her actual character. They all just babygirl her like their life depends on it. DON'T even get me started on the absolutely insane Nevillette and Furina ship takes out there.,hot take,
genshin is finally getting better.,hot take,
Just me or the game is changing for the better slowly but surely.,hot take,
Finally? Dude this game has been good for the past 5 going on 6 years now and if it wasn't I would have dropped it a long time ago.,hot take,
I really do believe that Genshin actually programmed my Gacha luck to just be extremely bad.,hot take,
There is no RNG. The game knows what you need and will difficult it.,hot take,
Genshin should reduce artifact RNG.,hot take,
THERE IS ABSOLUTELY NO REASON TO HAVE THIS MUCH RNG IN ARTIFACTS. GENSHIN IS ALREADY A MASSIVE GAME EVEN WITHOUT THIS INANE GRIND.,hot take,
I love Genshin RNG,hot take,
"It's without question Snezhnaya meta and powercreep will only get worse. My advice to new, f2p and even old time players is that ignoring the meta and forgoing Spiral Abyss has been the best way I've found to enjoy this game. I haven't touched floor 12 in several patches and I'm much happier for it. I love the freedom of not feeling forced to pull for a specific character. Nod-Krai exploration and lore has been absolute peak and that's what keeps me playing.",hot take,
Does anybody else realize how pointless chasing the meta is?,hot take,Borderline as it's phrased as a question but expresses an opinion
"Hold on, who's pulling characters just to earn primos? If so, yes, that's absolutely braindead, but I don't think that it includes that many people. If anything, endgame (Spiral Abyss, Imaginarium Theater, Stygian Onslaught) is done for either for the challenge or for the clout.",hot take,
"Meta is f***ed, it has become too boss dependent. They could come up tomorrow with a boss that drains all your teams hp, and if someone hasn't been healed in 3 seconds eats all their energy and crit stats, just to sell Sigewinne.",hot take,
"I main Wanderer and Varka, and thats would i would main with no meta. But it is sad that my C6 Wanderer does the same damage (or even like 3% lower) than my C0 Varka, and that Varka isnt even considered meta 🥲 hoyos been after me since 1.0 when I was waiting for Xiao... only main ive ever had that was meta at launch is Neuvillette",hot take,Borderline as it contains personal experience but central claim is opinion on meta
Inazuma puzzles were the most fun precisely bc they were sometimes challenging. All the game's puzzles should aspire to require some thought - with some that are genuinely hard to solve and stump many people.,hot take,
Sheer cold was a fun way to spice up exploration and not putting a heat meter in the desert was the single lamest thing they've done in this game,hot take,
"If the devs want to keep this game causal, I’m totally okay with that. I’ll still keep playing because I love the music, open world exploration and husbandos plus I’m very interested to see where the story goes.",hot take,
I enjoyed Inazuma puzzles the most. The combination of frustration and achievement when you finally get it. Mainland puzzles almost feel insulting to cognitive skills. Especially considering what Sumeru is supposed to stand for.,hot take,
Nightsoul Burst is one of the worst designs in the game especially since a lot of Natlan characters need another Natlan character to help them charge it. It forces you to have a Natlan support with a Natlan main DPS to even get a lot of value.,hot take,
"Pyro is the most boring and lazy element in the entire game because of how it’s treated. 7/8, 5 Star Pyros are main DPS and it’s looking like Alice is gonna join them, the only 5 Star support for pyro that is Deyha who kinda sucks and since Arlechinno and Mauvika are some of the best characters in the game we don’t need another top tier 5 Star Pyro DPS in Alice.",hot take,
"Every single Traveler Variant needs to be on the same level as Dendro/Pyro traveler. They are the main character they should be a useable character in a lot of teams but the Geo, Electro, Hydro and Anemo traveler fall so short compared to the other elements",hot take,
"I will forever blame the general reception to desert exploration as to why we no longer have regions that make you feel like you’re actually exploring. I genuinely liked going into the underground desert caves without an actual map, makes me feel like I’m exploring something uncharted",hot take,
"Exploration peaked in Sumeru and puzzles were best in Inazuma. Everything they've done since has steadily made the things I enjoyed most in this game worse. They've all but removed environmental storytelling and there's nothing really even to find anymore, since you're generally just lead around by quests to all the important places.",hot take,
I also like that there's a weekly limit to the bosses and that there is a daily cycle for skill books and weapon materials. It creates a problem that is fun and satisfying to solve. It requires thought and planning and dedication.,hot take,
"In general, the ""easier"" they make the game, the worse it gets. Not the combat, I am not taking about combat, just in general, they're stripping away the difficulties that made the work worth doing.",hot take,
"Genshin combat is mediocre at best, and it's less and less enjoyable the ""harder"" it gets. It's really more about team and roster checks, not actually gameplay.",hot take,
my old hot take was that Dragonspine was 10/10 exploration. It’s probably not a hot take but I’d love for an area in Futuiland to have this too.,hot take,
"Capitano could’ve stood to have more screentime and presence but his conclusion was amazing and I wouldn’t be upset if he wasn’t playable (he will be, I’m certainly not gonna be upset by that)",hot take,
"Fontaine story was carried by Navia and the AQ finale. Otherwise it was boring, and I’m not just talking about the prison. Natlan had a much more consistent story imo. Love the exploration though; good on them for making water exploration fun.",hot take,
"Event weapons should rerun, but without refinement materials. I don’t actually think this but I can’t come up with a steaming hot take at the moment and I’m sure someone thinks this fr lol",hot take,
If you think nightsoul is bad you're absolutely gonna hate nod krai lol.,hot take,
"I want another flat map area similar to Mondstadt and Guili plains. I’m tired of climbing, boss, even with the gimmicks.",hot take,
"A good story and a good execution of a story are two different things, and while Genshin at its best it is very good at the execution, some quest cutscenes and dialogue seems to be manufactured to be tolerated by the lowest common denominators of all civilization with only the minimal reading comprehension, taking in things at snail speed while a drool drizzles down the corner of their blank faces as they blink one eye at a time.",hot take,
"Capitano should stay ""dead"" and here's why , He is finally at peace after those 500 years , he no longer has any goals to keep himself going , as his main and possibly only goal was to let the souls of his comrades and the Natlanese souls he had in his heart enter the ley line so that THEY can finally be at peace , and finally Capitano's soul is fused to the Lord of The Night to give her immortality , if his soul was removed Natlan would be in trouble again as the Lord of The Night doesn't have long to live otherwise",hot take,
Anybody in this community who uses the word meta unironically ends up being very confidently misinformed,hot take,
"Natlan was a huge misstep for the game, in terms of character design, nightsoul mechanic is awful, and they leaned heavily into power creep and seem to be unfortunately taking some notes out of the hsr and zzz playbooks in that regard",hot take,
More wishes isn't necessarily a good thing.,hot take,
I see a lot of ppl say Fontaine was the best region/story and I just don’t agree. The whole courtroom whodunnit was not my style and the lack of exploration within the main quest took my personal immersion out. I rly only like Fontaine for the memes they’ve produced,hot take,
"The heavenly principles are the true villains and dictators of Teyvat, and the Fatui, while still evil in its own ways, is the savior organization.",hot take,
"The way Columbina was portrayed in 6.2 AQ (including the ""waifu bait"") was necessary for story development.",hot take,
"Sumeru is peak Genshin, did so many things right. Exploration, WQs, AQs, etc. Everything after is just watered down.",hot take,
Game catered too much for people wanting distinct combat. Instead of doing its strong suit of exploration and story.,hot take,
"The double standard between the en and jp voice direction is so noticeable. When the english dub tries to have a unique character voice tone it gets crap but if its japanese, it's praised as master piece.",hot take,
Klee is insufferable.,hot take,
"Ayaka and Hutao shouldnt be the golden examples of best dps characters, they arent even top 3. Raiden, Childe and Alhaitham are better.",hot take,
"Paimon isn't the problem why the storytelling in the game ain't great it's actually traveler. Hoyo is making the story worse by keeping them as both a silent self insert and their own character because they fail at both. If the traveler was allowed to speak, then paimon wouldn't have had to talk so much to fill awkward silences because of traveler.",hot take,
"Collei should’ve been Dunyerzad in the main story. She already had Eleazer and is an established character in both the spinoff manga and in-game. The only thing special about Dunyerzad is her devoutness to Kusanali, but I’m sure there’s a creative way to integrate that into Collei’s story and character. I mean, if nothing else, we missed so much of Collei’s story during the entire quest chain and she just gets healed off screen. Such a waste of a good character.",hot take,
Infinite resin would be absolutely terrible for the game.,hot take,
"People will ignore some characters weaknesses and laud them as top tier in spite of them, but will highlight other character’s weakness to no end. There is a very clear bias against certain team archetypes in the community",hot take,
"I hate it when I have to build more supports for a new 5 star character because of how expensive it is. If 4* weapons and artifacts are less expensive to ascend and level up than 5*, why isn't it the same for characters?",hot take,
The lore and the story is good but the dialogue is absolutely terrible,hot take,
I genuinely like the resin system. If it wasn’t in place I would just mindlessly grind every possible material for all my units to max and burn out so fast… the resin system lets me pace myself.,hot take,
Dainsleif needs a glow up before he becomes playable. His design is pretty plain compared to modern characters.,hot take,
"People on the fandom need to chill about pretty much anything and mind their own bussiness Or maybe worry about REAL problems, rather than what some stranger on the internet thinks and makes of their fave character",hot take,
Aranara's World is best World Quest and they should do more of those - execution had some problems with jumping between few quests but I want more stuff of this length.,hot take,
"Arlecchino’s evil. Lawful Evil, granted, but still a villain in my books.",hot take,
"kazu is kinda bland, he’s only very popular because he’s meta.",hot take,
Neuvillette is overrated and no DPS can ever be more valuable than Furina,hot take,
"I just lost the 50/50 with Lauma. This is the 7th 50/50 I've lost out of the last 8. I'm F2P, so it's incredible. Is there anyone who has the same or worse luck in the world with this game, or is there someone who can understand me? I hate the 50/50. I don't know where the 50/50 chance is, but it must be imaginary because I'm at 50/400.",reaction,
"Hoping to get varka. By end of his half I’ll be able to reach pity once, but it’s a 50/50 :/",reaction,
This is my hall of fame. I’m honestly just curious how many 4 and 5 star characters did people get in one 10 pull. I was surprised when I got each one of the ones shown above but I know it’s probably not even that lucky lol.,reaction,
A streak of 15 50/50 wins. Insane Luck,reaction,
"I finally managed to get Mavuika, and have to say I am quite disappointed.",reaction,"Borderline with hot take, but the focus is the author's reaction (expressing a personal emotional response to obtaining a character)"
"I’ve been playing Genshin since launch (version 1.0), and I’m starting to feel like my account is actually flagged for bad luck. I’m not even exaggerating, I have lost almost every 50/50 since the very first Venti and Klee banners.",reaction,
I’ve found the worst* possible artifact. The absolute least suited to task for the only character that can use this set.,reaction,
"I would pull for whoever I like, but my concern is, not having the right characters to make teams with.. and such.. (if that makes sense)",reaction,"Borderline with analysis, but primarily expressing concern rather than asking strategy"
"I just stumbled upon this video and found out the reason I couldn’t clear the recent abyss despite playing for more than ayear, even though I cleared all abyss runs during 4.0 I might swipe for Xilonen, sigh.",reaction,
’ve been thinking about quitting for a while and if they kill him it’s genuinely gonna be the final nail in the coffin for me. He’s seriously the only reason I still played the game brah i can’t keep playing if he’s gone😞,reaction,
Finally my Welkin had ran out! Long story short no Dottore no Genshin for me 🤷🏻‍♀️ I started this game nearly 3 years ago because of him just for him to disappear like that without even a proper farewell?? Can’t bring myself to enter Snezhnaya without the Doctor 😔 (and what do they mean Feofan only has few years to live without the elixir of immortality??) nah goodbye 👋,reaction,
i have been getting SLANDERED and BULLIED cuz i play genshin. i have no idea why and my guess is that characters have revealing clothes or something.,reaction,
"They dropped it.. Finally! Ok, we have finally found the existence of Klee's Dad, in the new 5.4 limited event.",reaction,
Finally got all the starting C6,reaction,
Keqing was my first 5* and she's fully built + triple crowned. Qiqi is also c6 but not yet fully built. Working on it though.,reaction,
My Genshin luck is so bad. I actually wanna cry.,reaction,
"My luck has been so uselessly bad, I didn't get an early for almost 4 entire banners. Most of my 5* are near hard pity, few crossing it.",reaction,
Won 4 50/50s in a row since returning to the game got me nervous like 😰,reaction,
"Got possibly the best characters/ weapons ( Columbina, Ineffa and her weapon, and Zibai) to get as a returner whose other most recent character was Clorinde I believe. I’m not F2P but I’m definitely not a large spender, and am choosy with when I do, but it’s still a gamble lol. Since I started playing again maybe 3 or so months ago I’ve spent around $130-150, which isn’t crazy imo for Genshin haha",reaction,
I returned during lauma. Got her in 2 pulls (idk the pity so) but I been getting early. I got yelan in 1 pull (wrong banner pull sed) but ye. I wanna see my record,reaction,
How many 50/50 have you won in a row? I just won my 4th in a row and was curious how common/uncommon it was.,reaction,
"I've won 2 50/50s since RELEASE, let alone in a row T_T",reaction,
Why can't I win the damn 50/50 ???,reaction,
"Since joining the game six months ago, I have wished for 10 characters. And behold, I have lost 50/50 on 9 OF THEM. I have triggered capturing radiance twice (on Mavuika C1 and Flins C2, and I'm counting them as a lose too since you have to lose the 50/50 to trigger it). My only win was on Ineffa's first banner. Same with the weapon banner, lost every 50/50. So I'm either very, very unlucky or the gacha in this game is undeniably predatory. If there is a 50% chance to lose, where is the other 50 ???",reaction,"Borderline with hot take, but dominated by recounting personal experience and frustration"
"In my current state, i dont know what to farm (even worse when the character that im saving for wont come till near the end of Fountaine ;_;)",reaction,
"i'm still farming for wanderer's perfect set but has currently stop to farm for furina's set. all my characters are built and you're right it gets pretty boring so what i do is just join randoms and help them in any way possible. i made a lot of friends along the way, and life's never been mundane whenever i log in to genshin now.",reaction,
"Damn, Dehya? I mean, I'm a flame mane lover, myself, but I definitely wouldn't have pulled her if I had a choice.",reaction,
"If I’m not guaranteed a character and I’m unable to get the character then I will have felt like I just wasted my time getting all those materials and now they would have to sit in my inventory until the character comes back, which is also bad because I might accidentally use them up.",reaction,
Commissions - pray for pirates/tales of winter/cliffhanger/counting ships/signs of love,reaction,
"For me, it was Zhongli telling me that “Should the day ever come when we are not together, you will continue to shine like gold in my memories”. Even the strongest bonds will erode with time, but the memories and impact it leaves will never fade.",reaction,
"I might just be stupid, because it just dawned on me why I only have 1 limited 5* weapon on my account (primordial jade). For some annoying reason genshin runs all limited weapons on the same banner. HSR and ZZZ don’t do this. So In addition to the chance of losing the 75/25, there’s also a 50/50 chance of getting another signature weapon that I don’t want. I wanted Flins weapon but I don’t wanna risk pulling Yelan’s. I don’t pull bow characters so her weapon would be of no use to me",reaction,
"Overflowing resin is going nowhere. Why? I don't wanna waste it, but irl stuff doesn't help. I have a fixed time to login and by then, the stupid 200/200 cap is completely filled in.",reaction,Borderline but it's a personal frustration rather than broad opinion
I've been waiting for Alice since she was first mentionned,reaction,
COLUMBINA COLUMBINA COLUMBINA,reaction,
"Definitely Nicole, I'm already saving for her C6. Even if she isn't as popular as the other characters just yet :,",reaction,
Columbina fan but after seen results apparently I’m the only one who has jahoda way up on the list 😂 no one else has any love for jahoda in here?! Come on!🥹,reaction,
"I thought I had lost my steam account about 5 years ago due to no longer having access to an email anymore and not remembering my password but I managed retrieve it about a year ago. It may feel hopeless now but you may still find a way back to it. Hope has a way of burrowing itself deep inside where it can't be seen. Then one random Tuesday it peaks it's head out and say ""here I am!""",reaction,
"I still think about her, I still hope that one day we will meet her again",reaction,
I honestly hope they bring her back even if it’s in an event like xavier,reaction,
I hope there are more group photos in future events,reaction,
Furina really won the Furina award in this event. She's so real for that.,reaction,
"I really enjoyed that Sumeru event, I always feel the Sumeru cast have a closer bond comparative to other nations, they are all close friends",reaction,
I hope they did not forget this detail and make something out of it. I really hope so!,reaction,
There's still hope 😭,reaction,
"If you have ever wondered who at the bottom luck of genshin, hi!",reaction,
"Okay it's rare for someone to be at bottom of both 5* star pity and 50-50, now that's unlucky",reaction,
Myself and ALL of my irl’s are like this just bottom 10%. I’m convinced that any of the top 50% are just fake af photoshopped AI OR you spawned into the world as gods favorite,reaction,
My friend didn’t believe me when I kept telling him how bad my luck is.,reaction,
"I'm not as bad as you luckiness 5* wise, but my 50/50 rate is bottom 6%. It's come to a point that I just prepare 150 pulls for anyone i plan to pull. Also it makes me a bit annoyed whenever i see my friend who barely play the game winning so much 50/50",reaction,
"I didn't bother keeping track of my pull record, but im confident in my ability to keep up with you, my friend. (my condolences to the both of us c': )",reaction,
"Honestly this banner was the only one I've had real luck on since I started playing last year. I managed to pull both Varka and his Sig, and got Flins to C1. But every banner before? Either lost my 50/50 or had to just skip, because I just didn't have the resources. I'm gonna have to use this and see my luck too lol.",reaction,
Anyone else have extreme bad luck?,reaction,
"I’ve been playing this game since 2021, specifically around eula/albedo banner. The first and last strike of luck I had was when I got Mona on the novice banner, anyway! It’s been 5 years and i’ve won a 50/50 once, that’s when I actually manage to get a 5 star. I’ve won every single character I own at hard pity. My gacha luck isn’t the only bad thing either, my artefacts couldn’t be worse, I remember spending months building characters just to get the worst things possible! I hate complaining about games online but every single other account I own has really good luck, I win 50/50s on early pity, i get good artefacts immediately, and most people i know have the same luck. I’ve loved this game for a while, I use to spend all day and everyday playing it, but the lack of excitement I get from pulling and building characters kinda makes it suck because no matter what I can never get anything good. If the game didn’t have an interesting lore I would’ve given up a while ago, I just want to know if anyone relates! I hope to find my people out here 😭😭",reaction,
"bad luck is my curse. I love RNG based mechanics but I always seemed to lose when it came to chance. I started tracking my (quantifiable) wins and losses some years ago and have solid evidence that I am plain unlucky 🫠 so I can relate. Fun fact on that note, during 2024 I have lost every single 50/50 in Genshin, HSR and ZZZ. It's a 27-loss streak. 2025 was better, while still not ""50/50"" I have won it 5 out of 20ish times.",reaction,
Started playing 80 days ago...anyone out there with top 1% luck,reaction,
Did... i just got lucky?,reaction,
"New player here, after barely a week of playing I managed to afford my first 10 pull... and i have no idea if I got lucky or if that's normal 😅",reaction,
Has my luck changed or the gacha system?,reaction,
It seems I started my losing streak right after they introduced CR smh,reaction,
winning 6 50/50s in a row already sounds illegal 😭,reaction,
RNG will RNG. You're still quite lucky. CR after only two losses isn't even guaranteed. You also have a handful of early 5*s. I'll certainly trade luck with you. I've lost 12 of 16 50/50s in Genshin and ZZZ combined.,reaction,
"Apparently, this is the biggest luck I've ever had in Genshin.",reaction,
"1/100,000 chance, happy for you my man!",reaction,
"That's the crazy part. I just learned about the chance, that's why I posted this. When I got the 1000 gems, I didn't think it was this low.",reaction,
I'm so happy for you!!! :D I'm not jealous.,reaction,
"I'm seething with envy, won't lie. But, I'm genuinely happy it wasn't a scam and some got these for real. Congratulations!",reaction,
Thank you for posting. I always wonder sometimes if the “big” prizes are fake. Not just with Hoyo with everything.,reaction,
The luck this guy had must be insane.,reaction,
I think I’ve used up all my luck.,reaction,
"Its rare, i can count with my fingers over the last 6yrs I personalily encounter this.",reaction,
"Congrats... meanwhile, I'm sitting here after a triple 50/50 loss, trying to get enough pulls to get Nicole and then hopefully have enough in the next patch for Sandrone. Worse still, they're all at mid-pity. Early 5-stars are the real win in this game. Win or lose, getting an early is just such a massive boost.",reaction,
"Yesterday I lost my 13th 50/50 wishing for Citlali on her current rerun banner. I had 282 wishes at 52 pity so I knew I could guarantee her, but it sucks knowing I had to spend 100 wishes instead of 30 (which is when C2 Dehya appeared)... Especially right before Nodkrai which is filled with characters I want. T ^ T",reaction,
Anyone else have this horrible luck with 50/50s??? It's very demotivating to always have to use a big amount of wishes to get a character I want...,reaction,
82 pulls for Mavuika.....got Mizuki 🙈 wanted to cry I'd been saving wishes for Mavuika and lost her.,reaction,
Oof. Losing at hard pity is definitely the most painful. :(( This happened to me on my first banner (Kokomi - 80 wishes) and I had to go all the way up to like 70-75 wishes again to get her.,reaction,
I know this pain well. I’ve been playing with a friend for a while. Lost 12 50/50’s in a row and only got one character under 50 pulls. Meanwhile he’s over here winning 50/50’s left and right pulling under 50 constantly. Makes me want to scream sometimes…. Often times.,reaction,
"It makes me angry that she says she’s unlucky, when she gets them soon after she lost her 50/50, and she also gets mad at her bf when he wins a 50/50, like to the point where she won’t talk with him until she gets that character too",reaction,
"I feel you. I lost 10 50/50 this year alone (on both genshin and star rail) while my friend keep winning all her 50/50. It makes me saltier when she only use 1 or 2 of those 5*. The rest remains unbuild or left to dust (even after I help build them for her). She just want them for collection I guess. I usually able to mood check myself but Neuvillette's banner is the one that broke me down. Lost 50/50 on both character and weapon banner, while my friend got him super early fresh from pity and got his book + homa.",reaction,